Game_ID,Event_Number,Frame_Number,f0,f1,f2,f3,f4,f5,f6,f7,f8,f9,f10,f11,f12,f13,f14,f15,f16,f17,f18,f19,f20,f21,f22,f23,f24,f25,f26,f27,f28,f29,Screen
extract/0021500403.json,2,46,23.0,-0.7352478860402499,21.329077621729997,0.0,0.0,0.0,0.0,0.0,0.0,0.0,23.0,-0.7352478860402499,21.32907762173,0.0,0.0,23.0,-1.1340417686076998,33.47768443243844,0.0,0.0,23.0,-0.43314205319407606,12.947826367768167,0.0,0.0,23.0,-0.43314205319407606,12.947826367768167,0.0,0.0,0.0
extract/0021500403.json,2,59,23.0,-0.9601774942048497,26.69366109440048,0.0,0.0,0.0,0.0,0.0,0.0,0.0,23.0,-0.9601774942048501,26.69366109440048,0.0,0.0,23.0,-1.510491901703017,42.05409476066111,0.0,0.0,23.0,-0.5861989185208778,17.23656548195136,0.0,0.0,23.0,-0.5861989185208778,17.23656548195136,0.0,0.0,0.0
extract/0021500403.json,2,72,23.0,-1.2046954209699852,31.334278997982764,0.0,0.0,0.0,0.0,5.863909358037431e-08,0.0,0.0,23.0,-1.2046954209699852,31.334278997982757,0.0,0.0,23.0,-1.9480117449287462,41.616081903031215,0.0,0.0,23.0,-0.7696792033806265,22.665038563628656,0.0,0.0,23.0,-0.7696792033806265,22.665038563628656,0.0,0.0,0.0
extract/0021500403.json,2,85,23.0,-1.3947443529982175,34.25983047198756,0.0,0.0,0.0,0.0,1.1727818716074862e-07,0.0,0.0,23.0,-1.3947443529982173,34.25983047198756,0.0,0.0,23.0,-1.7666422900816436,33.47411318013344,0.0,0.0,23.0,-1.026399434670935,28.7339514416938,0.0,0.0,23.0,-1.026399434670935,28.7339514416938,0.0,0.0,0.0
extract/0021500403.json,2,98,23.0,-0.04458495876775105,37.44373700783497,-1.715464834474027,14.958188401111382,0.0,2.45066404924861,2.4506641455842635,-1.715464834474027,14.958188401111382,14.0,-2.495249008016361,34.99307295858636,0.0,0.0,23.0,-0.47429068438800315,30.42675729356868,-1.2666595562379812,10.879081899292661,23.0,-0.3065944666897479,34.608797707464134,-1.2666595562379812,10.879081899292661,23.0,0.4905256869407282,35.40591786109461,-1.8246436637793146,17.347695711638487,0.0
extract/0021500403.json,4,216,23.0,-1.1398512132518857,24.316632479061838,0.0,0.0,0.0,0.0,5.863909358037431e-08,0.0,0.0,23.0,-1.1398512132518857,24.316632479061838,0.0,0.0,23.0,-1.4959062124650373,30.006066898209127,0.0,0.0,23.0,-0.5993427188738574,10.761538434889745,0.0,0.0,23.0,-0.5993427188738574,10.761538434889745,0.0,0.0,1.0
extract/0021500403.json,4,431,23.0,-1.1166169167086633,25.287613779295874,0.0,0.0,23.0,-1.2619014486851825,26.956272865771275,0.0,0.0,23.0,-0.1659873770373157,5.219748708638795,0.0,0.0,23.0,-0.9274991044642801,25.292568667353798,0.0,0.0,23.0,-0.801124276067885,24.139572134486897,0.0,0.0,23.0,-2.0412929539666274,43.81148976171816,0.0,0.0,0.0
extract/0021500403.json,4,444,23.0,-1.0967670036584751,24.561865002086087,0.0,0.0,23.0,-1.1553204075614603,23.890773058453533,0.0,0.0,23.0,-0.23228658009910919,7.335125027172902,0.0,0.0,23.0,-1.1284155269010692,30.464203829161633,0.0,0.0,23.0,-1.0950001354381838,31.54499239549231,0.0,0.0,23.0,-1.8783122956121112,39.90028791348927,0.0,0.0,0.0
extract/0021500403.json,4,457,23.0,-1.0673334662287817,22.28678353636877,0.0,0.0,23.0,-1.0037908164328906,20.739038617341574,0.0,0.0,23.0,-0.33727595795429693,9.303258546789479,0.0,0.0,23.0,-1.359396384095065,36.01919675274385,0.0,0.0,23.0,-1.4215120532102177,39.32476671780318,0.0,0.0,23.0,-1.71895291133755,36.19404754486391,0.0,0.0,0.0
extract/0021500403.json,4,470,23.0,-0.9524005178060339,18.389384259254438,0.0,0.0,23.0,-0.901071599425647,16.106140043552365,0.0,0.0,23.0,-0.4192268303857844,10.97351894834251,0.0,0.0,23.0,-1.603015497858719,41.50059217998638,0.0,0.0,23.0,-1.7626354398692279,44.2806272900902,0.0,0.0,23.0,-1.5332614957929054,34.17698219644025,0.0,0.0,0.0
extract/0021500403.json,14,159,0.0,0.0,0.0,0.0,0.0,0.0,0.0,0.0,0.0,0.0,0.0,0.0,0.0,0.0,0.0,0.0,0.0,0.0,0.0,0.0,0.0,0.0,0.0,0.0,0.0,0.0,0.0,0.0,0.0,0.0,1.0
extract/0021500403.json,28,41,23.0,-0.8190827359199081,15.678883513871186,0.0,0.0,23.0,-0.33666480114058916,11.139321161206897,0.0,0.0,23.0,-0.9973181013622111,16.713721351953044,0.0,0.0,23.0,-0.6104477423032832,14.059697516461075,0.0,0.0,23.0,-0.6271631297648834,13.831391843577869,0.0,0.0,23.0,-0.6861927090646877,20.797492513988463,0.0,0.0,0.0
extract/0021500403.json,28,79,23.0,-0.542339002450513,12.209864780356655,0.0,0.0,23.0,-0.6805407469028474,15.583931286276798,0.0,0.0,23.0,-0.43088915499208386,10.378847069025857,0.0,0.0,23.0,-1.0914194196269151,31.0862163828415,0.0,0.0,23.0,-0.8561354914350339,25.51781111523596,0.0,0.0,23.0,-1.5227698792028206,40.7458611928909,0.0,0.0,0.0
extract/0021500403.json,28,157,23.0,-0.3375308770607158,6.64761998434217,0.0,0.0,23.0,-1.2282599528616047,29.65197047170492,0.0,0.0,23.0,-1.2997987243103848,32.52507361892786,0.0,0.0,23.0,-1.4404588626437762,29.057151851109868,0.0,0.0,23.0,-1.7205324817065715,37.81860124575137,0.0,0.0,23.0,-1.1064270382854657,22.929946099653485,0.0,0.0,1.0
extract/0021500403.json,33,320,0.0,0.0,0.0,0.0,0.0,0.0,0.0,0.0,0.0,0.0,0.0,0.0,0.0,0.0,0.0,0.0,0.0,0.0,0.0,0.0,0.0,0.0,0.0,0.0,0.0,0.0,0.0,0.0,0.0,0.0,0.0
extract/0021500403.json,33,333,0.0,0.0,0.0,0.0,0.0,0.0,0.0,0.0,0.0,0.0,0.0,0.0,0.0,0.0,0.0,0.0,0.0,0.0,0.0,0.0,0.0,0.0,0.0,0.0,0.0,0.0,0.0,0.0,0.0,0.0,0.0
extract/0021500403.json,35,290,23.0,-1.2100828691369194,27.44287833529314,0.0,0.0,0.0,0.0,5.863909358037431e-08,0.0,0.0,23.0,-1.2100828691369194,27.44287833529314,0.0,0.0,23.0,-1.2327750296531377,27.077096003918758,0.0,0.0,23.0,-0.8403595876482655,17.496962648620553,0.0,0.0,23.0,-0.8403595876482655,17.496962648620553,0.0,0.0,1.0
extract/0021500403.json,35,492,,,,,,,,,,,,,,,,,,,,,,,,,,,,,,,0.0
extract/0021500403.json,37,308,23.0,0.10221839427858548,13.143085027689471,-0.2006864154843645,2.5865375289050916,23.0,0.10221839427858548,13.143085027689471,-0.2006864154843645,2.5865375289050916,1.0,-1.3486991523486091e-06,1.3486991523486091e-06,0.0,8.173934256658237e-08,23.0,-0.1659838778082161,57.137452010609564,-0.8632040626182023,18.84409562910232,23.0,-0.1659838778082161,57.137452010609564,-0.8632040626182023,18.84409562910232,23.0,-0.05484735947726804,47.4388068632629,-0.7179387803603884,16.85534419174182,1.0
extract/0021500403.json,41,493,23.0,-0.04363600530495996,10.04970689108089,-0.24150505092108418,5.608939086585625,23.0,1.6768952734059634,5.071829563100846,-0.24150505092108418,5.608939086585625,3.0,-2.0427766320623504,5.84952160699675,0.0,0.0,23.0,0.2578100424858949,15.682752148859985,-0.39217490323259374,10.370536661768556,23.0,0.536628018334176,14.628189298075663,-0.39217490323259374,10.370536661768556,23.0,0.032799375268887467,17.22765412467002,-0.41870294044035894,11.174471328812167,0.0
extract/0021500403.json,41,509,0.0,0.0,0.0,0.0,0.0,0.0,0.0,0.0,0.0,0.0,0.0,0.0,0.0,0.0,0.0,0.0,0.0,0.0,0.0,0.0,0.0,0.0,0.0,0.0,0.0,0.0,0.0,0.0,0.0,0.0,0.0
extract/0021500403.json,41,522,0.0,0.0,0.0,0.0,0.0,0.0,0.0,0.0,0.0,0.0,0.0,0.0,0.0,0.0,0.0,0.0,0.0,0.0,0.0,0.0,0.0,0.0,0.0,0.0,0.0,0.0,0.0,0.0,0.0,0.0,0.0
extract/0021500403.json,41,535,0.0,0.0,0.0,0.0,0.0,0.0,0.0,0.0,0.0,0.0,0.0,0.0,0.0,0.0,0.0,0.0,0.0,0.0,0.0,0.0,0.0,0.0,0.0,0.0,0.0,0.0,0.0,0.0,0.0,0.0,0.0
extract/0021500403.json,42,12,0.0,0.0,0.0,0.0,0.0,0.0,0.0,0.0,0.0,0.0,0.0,0.0,0.0,0.0,0.0,0.0,0.0,0.0,0.0,0.0,0.0,0.0,0.0,0.0,0.0,0.0,0.0,0.0,0.0,0.0,0.0
extract/0021500403.json,42,25,0.0,0.0,0.0,0.0,0.0,0.0,0.0,0.0,0.0,0.0,0.0,0.0,0.0,0.0,0.0,0.0,0.0,0.0,0.0,0.0,0.0,0.0,0.0,0.0,0.0,0.0,0.0,0.0,0.0,0.0,0.0
extract/0021500403.json,42,38,0.0,0.0,0.0,0.0,0.0,0.0,0.0,0.0,0.0,0.0,0.0,0.0,0.0,0.0,0.0,0.0,0.0,0.0,0.0,0.0,0.0,0.0,0.0,0.0,0.0,0.0,0.0,0.0,0.0,0.0,0.0
extract/0021500403.json,45,240,0.0,0.0,0.0,0.0,0.0,23.0,-0.937805958956061,23.062060960154227,0.0,0.0,23.0,-0.937805958956061,23.062060960154227,0.0,0.0,23.0,-1.4276571575559707,29.57607947718332,0.0,0.0,23.0,-0.9078815408583765,14.99374156161987,0.0,0.0,23.0,-1.4276571575559707,29.57607947718332,0.0,0.0,1.0
extract/0021500403.json,45,327,23.0,-1.3205845537796075,29.371353698291788,0.0,0.0,23.0,-1.0759241399039141,26.328800401112947,0.0,0.0,23.0,-0.24587928498759562,5.531615072410221,0.0,0.0,23.0,-1.0567664600465871,23.925389645373354,0.0,0.0,23.0,-0.8351409882253347,19.842377293413794,0.0,0.0,23.0,-0.44511031616119506,10.302622354226674,0.0,0.0,1.0
extract/0021500403.json,45,506,23.0,-0.9214081535291411,22.378709366689556,0.0,0.0,23.0,-0.4957449931246188,13.922202956815605,0.0,0.0,23.0,-0.5604882753335607,14.54056914586493,0.0,0.0,23.0,-1.1488908373112934,29.2124029039099,0.0,0.0,23.0,-1.4382589202811302,40.02070364142117,0.0,0.0,23.0,-1.3738731281368182,37.77033812885321,0.0,0.0,0.0
extract/0021500403.json,45,519,23.0,-0.9864619673528466,22.57475716104001,0.0,0.0,23.0,-0.6262655784354435,16.71514882355711,0.0,0.0,23.0,-0.6429529634273119,16.644620851569655,0.0,0.0,23.0,-1.29061633690988,33.260609713173565,0.0,0.0,23.0,-1.7942553750720793,45.88861676814768,0.0,0.0,23.0,-1.6915170072402423,43.66130367871656,0.0,0.0,0.0
extract/0021500403.json,47,81,23.0,-0.9214081535291411,22.378709366689556,0.0,0.0,23.0,-0.4957449931246188,13.922202956815605,0.0,0.0,23.0,-0.5604882753335607,14.54056914586493,0.0,0.0,23.0,-1.1488908373112934,29.2124029039099,0.0,0.0,23.0,-1.4382589202811302,40.02070364142117,0.0,0.0,23.0,-1.3738731281368182,37.77033812885321,0.0,0.0,0.0
extract/0021500403.json,47,94,23.0,-0.9864619673528466,22.57475716104001,0.0,0.0,23.0,-0.6262655784354435,16.71514882355711,0.0,0.0,23.0,-0.6429529634273119,16.644620851569655,0.0,0.0,23.0,-1.29061633690988,33.260609713173565,0.0,0.0,23.0,-1.7942553750720793,45.88861676814768,0.0,0.0,23.0,-1.6915170072402423,43.66130367871656,0.0,0.0,0.0
extract/0021500403.json,47,170,23.0,-0.14118795175641172,4.067102234680152,0.0,0.0,23.0,-0.9795005096659825,22.21780776311804,0.0,0.0,23.0,-0.9739463493929421,19.025939277134015,0.0,0.0,23.0,-1.47281440249092,29.360066024558478,0.0,0.0,23.0,-1.2181533772674944,27.131972371377387,0.0,0.0,23.0,-1.356328201356129,30.617750720606242,0.0,0.0,1.0
extract/0021500403.json,47,329,0.0,0.0,0.0,0.0,0.0,0.0,0.0,0.0,0.0,0.0,0.0,0.0,0.0,0.0,0.0,0.0,0.0,0.0,0.0,0.0,0.0,0.0,0.0,0.0,0.0,0.0,0.0,0.0,0.0,0.0,0.0
extract/0021500403.json,49,77,0.0,0.0,0.0,0.0,0.0,0.0,0.0,0.0,0.0,0.0,0.0,0.0,0.0,0.0,0.0,0.0,0.0,0.0,0.0,0.0,0.0,0.0,0.0,0.0,0.0,0.0,0.0,0.0,0.0,0.0,0.0
extract/0021500403.json,49,317,0.0,0.0,10.951000069706394,0.0,0.0,7.0,-0.8886392743128276,16.921750753353972,0.0,0.0,23.0,-0.8886392743128276,14.592519848851762,0.0,0.0,23.0,-0.654492231352486,11.357115121732186,0.0,0.0,23.0,-0.7103296513559484,19.131331273864866,0.0,0.0,23.0,-0.654492231352486,17.90417078120071,0.0,0.0,0.0
extract/0021500403.json,52,431,0.0,0.0,0.0,0.0,0.0,0.0,0.0,0.0,0.0,0.0,0.0,0.0,0.0,0.0,0.0,0.0,0.0,0.0,0.0,0.0,0.0,0.0,0.0,0.0,0.0,0.0,0.0,0.0,0.0,0.0,1.0
extract/0021500403.json,52,570,23.0,-0.25253951042427136,6.173949002491105,0.0,0.0,23.0,-0.9216785265868271,21.622232778295277,0.0,0.0,23.0,-1.1307896886061677,26.57895835495146,0.0,0.0,23.0,-0.35477429848137587,9.146323980872443,0.0,0.0,23.0,-1.0312246086483992,23.409459658882184,0.0,0.0,23.0,-0.20490040244037633,4.691794896371766,0.0,0.0,0.0
extract/0021500403.json,52,583,23.0,-0.2745767714326825,6.041264103560303,0.0,0.0,23.0,-0.9483314014454457,22.20780256262779,0.0,0.0,23.0,-1.16590348498217,27.047633185518624,0.0,0.0,23.0,-0.4073190121596625,9.922195627012144,0.0,0.0,23.0,-1.0225906618999188,22.973565839158887,0.0,0.0,23.0,-0.20242938556696438,4.995405980621176,0.0,0.0,0.0
extract/0021500403.json,52,596,23.0,-0.26047593521129214,5.702975856642098,0.0,0.0,23.0,-0.9603339367058912,23.35820093973292,0.0,0.0,23.0,-1.1712408350659118,27.845198320389382,0.0,0.0,23.0,-0.4375914861585098,10.211899285186437,0.0,0.0,23.0,-0.9855235527419279,23.200790555626817,0.0,0.0,23.0,-0.22147389039404647,5.160827987824422,0.0,0.0,0.0
extract/0021500403.json,52,609,23.0,-0.2450798602010809,5.70101653009232,0.0,0.0,23.0,-1.0298329808227942,23.712153200486636,0.0,0.0,23.0,-1.217520915331775,28.44856988969985,0.0,0.0,23.0,-0.446818328127086,10.147432092486088,0.0,0.0,23.0,-1.0138298439132982,23.388260757765405,0.0,0.0,23.0,-0.22392892426419644,5.21671901313072,0.0,0.0,0.0
extract/0021500403.json,57,302,0.0,0.0,0.0,0.0,0.0,0.0,0.0,0.0,0.0,0.0,0.0,0.0,0.0,0.0,0.0,0.0,0.0,0.0,0.0,0.0,0.0,0.0,0.0,0.0,0.0,0.0,0.0,0.0,0.0,0.0,0.0
extract/0021500403.json,59,412,23.0,-0.35853184333930466,14.258993999347418,0.0,0.0,23.0,-0.24809383173164454,10.58277662148102,0.0,0.0,23.0,-0.35204828750708783,7.525278459585018,0.0,0.0,23.0,-0.040198262642444964,1.0016244224582789,0.0,0.0,23.0,-0.387277383920388,8.25065822468118,0.0,0.0,23.0,-0.3734393282205486,14.299979673395658,0.0,0.0,0.0
extract/0021500403.json,59,425,23.0,-0.6657918693834063,22.094176006779538,0.0,0.0,23.0,-0.4980894011175818,17.918755411852214,0.0,0.0,23.0,-0.32430831400315513,6.690252624804759,0.0,0.0,23.0,-0.04279930773868816,1.118645810558681,0.0,0.0,23.0,-0.3548124201930527,7.270025321507198,0.0,0.0,23.0,-0.6648773494308557,21.81880657187292,0.0,0.0,0.0
extract/0021500403.json,59,438,23.0,-1.0109053772529748,30.48417535476426,0.0,0.0,23.0,-0.8219881417902914,26.182685038182623,0.0,0.0,23.0,-0.2822706300011527,6.07301750600306,0.0,0.0,23.0,-0.05449056250644242,0.8972863727936241,0.0,0.0,23.0,-0.30908904420053707,6.099658039190365,0.0,0.0,23.0,-0.9963822186636,29.9637204257441,0.0,0.0,0.0
extract/0021500403.json,59,451,23.0,-1.3779711397341616,39.643227221986415,0.0,0.0,23.0,-1.1938598765505273,34.92782241204945,0.0,0.0,23.0,-0.2598732956985041,5.963003151341418,0.0,0.0,23.0,-0.03234400493150976,1.0026540217345703,0.0,0.0,23.0,-0.2574415927820132,5.085732635153108,0.0,0.0,23.0,-1.353797113204065,38.746417772795645,0.0,0.0,0.0
extract/0021500403.json,59,464,23.0,-1.8048964488490369,46.32417293825301,0.0,0.0,23.0,-1.5966190212471252,40.96550920275772,0.0,0.0,23.0,-0.2596448354258702,6.380338750771655,0.0,0.0,23.0,-0.04988429557855372,1.9477774868119837,0.0,0.0,23.0,-0.21039323824057063,4.690879050170125,0.0,0.0,23.0,-1.760161605956661,44.806400504206024,0.0,0.0,0.0
extract/0021500403.json,59,477,23.0,-2.046944027118972,50.11283704674685,0.0,0.0,23.0,-1.811671624546605,44.4768560150519,0.0,0.0,23.0,-0.27846361907576245,7.079339438582704,0.0,0.0,23.0,-0.08532612882967615,3.8096513270958208,0.0,0.0,23.0,-0.20370892208458158,4.398719522686375,0.0,0.0,23.0,-1.998536303955419,45.11285887020765,0.0,0.0,0.0
extract/0021500403.json,59,490,23.0,-2.204803857316006,53.355434077644226,0.0,0.0,23.0,-1.9580657285997867,47.34464146712174,0.0,0.0,23.0,-0.30907927155797027,8.529722349166747,0.0,0.0,23.0,-0.179544792935168,6.203155912805917,0.0,0.0,23.0,-0.18623792464122135,4.264131545738374,0.0,0.0,23.0,-1.9482598745854365,42.492998526365334,0.0,0.0,0.0
extract/0021500403.json,59,503,23.0,-2.343693578621861,56.1556422660011,0.0,0.0,23.0,-2.081317634938423,49.434936398526965,0.0,0.0,23.0,-0.3827747186969575,10.567094954048386,0.0,0.0,23.0,-0.2871601933759893,8.388541038310077,0.0,0.0,23.0,-0.18242035662748318,4.536272934097607,0.0,0.0,23.0,-1.8277496456680542,40.12528668100673,0.0,0.0,0.0
extract/0021500403.json,59,617,0.0,0.0,0.0,0.0,0.0,0.0,0.0,0.0,0.0,0.0,0.0,0.0,0.0,0.0,0.0,0.0,0.0,0.0,0.0,0.0,0.0,0.0,0.0,0.0,0.0,0.0,0.0,0.0,0.0,0.0,0.0
extract/0021500403.json,59,630,,,,,,,,,,,,,,,,,,,,,,,,,,,,,,,0.0
extract/0021500403.json,60,117,0.0,0.0,0.0,0.0,0.0,0.0,0.0,0.0,0.0,0.0,0.0,0.0,0.0,0.0,0.0,0.0,0.0,0.0,0.0,0.0,0.0,0.0,0.0,0.0,0.0,0.0,0.0,0.0,0.0,0.0,0.0
extract/0021500403.json,60,130,0.0,0.0,0.0,0.0,0.0,0.0,0.0,0.0,0.0,0.0,0.0,0.0,0.0,0.0,0.0,0.0,0.0,0.0,0.0,0.0,0.0,0.0,0.0,0.0,0.0,0.0,0.0,0.0,0.0,0.0,0.0
extract/0021500403.json,60,181,23.0,0.02499051664936511,6.859500983864047,-0.43795107638083003,1.9335227787596299,23.0,0.17099773930338355,3.856758514489714,-0.43795107638083003,2.1321080735553997,18.0,-0.4273941736930802,9.23334883887426,0.0,1.6852279308270304,23.0,-0.05912101321505108,34.646723279715914,-2.023133372034442,8.723694960934981,23.0,0.2913565020635548,25.770263822839606,-2.023133372034442,8.024593488585392,23.0,-0.08226789092532233,27.797174191983416,-1.5872604434716329,6.807651757026976,0.0
extract/0021500403.json,60,215,23.0,-0.31259177061155335,8.661124079709856,0.0,0.0,23.0,-0.3169019830446843,6.953853025347662,0.0,0.0,23.0,-0.40206309735821116,9.225348887339665,0.0,0.0,23.0,-1.160643233731296,27.016591666034703,0.0,0.0,23.0,-0.9531077115820245,22.55920014811339,0.0,0.0,23.0,-0.8480944337427099,19.009993954500587,0.0,0.0,0.0
extract/0021500403.json,60,228,12.0,-0.38788754930454317,6.050817086573851,0.0,0.0,23.0,-0.36034219342191026,6.093071623091931,0.0,0.0,23.0,-0.3989059969544702,8.978386269274186,0.0,0.0,23.0,-1.1812385331957427,23.20229022015476,0.0,0.0,23.0,-0.9865059673878681,21.330567056816314,0.0,0.0,23.0,-0.7939335730662722,19.960234428802185,0.0,0.0,0.0
extract/0021500403.json,61,163,0.0,0.0,0.0,0.0,0.0,23.0,-0.8162847835817982,19.180173720823117,0.0,0.0,23.0,-0.8162847835817982,19.180173720823117,0.0,0.0,23.0,-2.0037143249154696,44.32397208867871,0.0,0.0,23.0,-1.3530931304319438,27.55156150960345,0.0,0.0,23.0,-2.0037143249154696,44.32397208867871,0.0,0.0,0.0
extract/0021500403.json,61,176,0.0,0.0,0.0,0.0,0.0,23.0,-0.8399410268546078,19.33057657446622,0.0,0.0,23.0,-0.8399410268546078,19.33057657446622,0.0,0.0,23.0,-1.909804943121487,42.92730873741818,0.0,0.0,23.0,-1.162544665519475,24.832067573333052,0.0,0.0,23.0,-1.909804943121487,42.92730873741818,0.0,0.0,0.0
extract/0021500403.json,61,251,0.0,0.0,0.0,0.0,0.0,23.0,-1.3226639029047624,31.06353579590816,0.0,0.0,23.0,-1.3226639029047624,31.06353579590816,0.0,0.0,23.0,-1.4138613451926805,32.383448210216194,0.0,0.0,23.0,-0.5457969076305005,9.01390161179792,0.0,0.0,23.0,-1.4138613451926805,32.383448210216194,0.0,0.0,0.0
extract/0021500403.json,61,264,0.0,0.0,0.0,0.0,0.0,23.0,-1.3612527074203957,29.922871681395282,0.0,0.0,23.0,-1.3612527074203957,29.922871681395282,0.0,0.0,23.0,-1.4098578743600665,31.48435054328973,0.0,0.0,23.0,-0.3595895508366289,5.895210443026923,0.0,0.0,23.0,-1.4098578743600665,31.48435054328973,0.0,0.0,0.0
extract/0021500403.json,61,277,0.0,0.0,0.0,0.0,0.0,23.0,-1.2814149534103425,28.856899068050986,0.0,0.0,23.0,-1.2814149534103425,28.856899068050986,0.0,0.0,23.0,-1.3591942789561982,30.4988380292849,0.0,0.0,23.0,-0.22719921825609743,5.264994688084298,0.0,0.0,23.0,-1.3591942789561982,30.4988380292849,0.0,0.0,1.0
extract/0021500403.json,61,290,0.0,0.0,0.0,0.0,0.0,23.0,-1.2527021679004833,27.32156274808515,0.0,0.0,23.0,-1.2527021679004833,27.32156274808515,0.0,0.0,23.0,-1.3172600012562596,29.58691293681786,0.0,0.0,23.0,-0.2229261108800362,6.661026284353368,0.0,0.0,23.0,-1.3172600012562596,29.58691293681786,0.0,0.0,1.0
extract/0021500403.json,69,131,0.0,0.0,0.0,0.0,0.0,0.0,0.0,0.0,0.0,0.0,0.0,0.0,0.0,0.0,0.0,0.0,0.0,0.0,0.0,0.0,0.0,0.0,0.0,0.0,0.0,0.0,0.0,0.0,0.0,0.0,0.0
extract/0021500403.json,69,144,0.0,0.0,0.0,0.0,0.0,0.0,0.0,0.0,0.0,0.0,0.0,0.0,0.0,0.0,0.0,0.0,0.0,0.0,0.0,0.0,0.0,0.0,0.0,0.0,0.0,0.0,0.0,0.0,0.0,0.0,0.0
extract/0021500403.json,69,157,0.0,0.0,0.0,0.0,0.0,0.0,0.0,0.0,0.0,0.0,0.0,0.0,0.0,0.0,0.0,0.0,0.0,0.0,0.0,0.0,0.0,0.0,0.0,0.0,0.0,0.0,0.0,0.0,0.0,0.0,0.0
extract/0021500403.json,69,247,23.0,-0.22071859546732278,4.098168742447573,0.0,0.0,23.0,-1.5522674737809266,35.03586879417417,0.0,0.0,23.0,-1.6813566158977284,38.64716531088333,0.0,0.0,23.0,-1.2724235532189696,25.17696912157352,0.0,0.0,23.0,-1.0495616218554458,23.865040690205177,0.0,0.0,23.0,-1.058020228171035,22.235283711138532,0.0,0.0,1.0
extract/0021500403.json,69,627,3.0,-0.9237086795509634,2.729950356132896,0.0,0.0,0.0,0.0,0.0,0.0,7.78043809405775,3.0,-0.9237086795509634,2.729950356132896,0.0,7.78043809405775,23.0,-0.7945149774054959,43.057684155488566,-0.9876565800127897,19.915729898913792,23.0,0.10932920414717866,40.62681649207659,-0.9876565800127897,15.09184958997061,23.0,0.10932920414717866,40.62681649207659,-0.9876565800127897,19.915729898913792,0.0
extract/0021500403.json,69,640,0.0,0.0,0.0,0.0,0.0,0.0,0.0,0.0,0.0,0.0,0.0,0.0,0.0,0.0,0.0,0.0,0.0,0.0,0.0,0.0,0.0,0.0,0.0,0.0,0.0,0.0,0.0,0.0,0.0,0.0,0.0
extract/0021500403.json,69,655,0.0,0.0,0.0,0.0,0.0,23.0,-1.3073631305482132,27.63975943190884,0.0,0.0,23.0,-1.3073631305482132,27.63975943190884,0.0,0.0,23.0,-1.3551612198143281,29.835143472154577,0.0,0.0,23.0,-0.5207191796877727,11.762414843679963,0.0,0.0,23.0,-1.3551612198143281,29.835143472154577,0.0,0.0,1.0
extract/0021500403.json,76,515,0.0,0.0,0.0,0.0,0.0,0.0,0.0,0.0,0.0,0.0,0.0,0.0,0.0,0.0,0.0,0.0,0.0,0.0,0.0,0.0,0.0,0.0,0.0,0.0,0.0,0.0,0.0,0.0,0.0,0.0,1.0
extract/0021500403.json,76,528,0.0,0.0,0.0,0.0,0.0,0.0,0.0,0.0,0.0,0.0,0.0,0.0,0.0,0.0,0.0,0.0,0.0,0.0,0.0,0.0,0.0,0.0,0.0,0.0,0.0,0.0,0.0,0.0,0.0,0.0,1.0
extract/0021500403.json,76,541,2.0,-3.371747880871523e-07,6.743495761743046e-07,0.0,9.85429542478304,2.0,-3.371747880871523e-07,6.743495761743046e-07,0.0,8.14771329916568,2.0,-3.371747880871523e-07,6.743495761743046e-07,0.0,7.359143226167667,23.0,-0.08402778645063869,43.03188146827297,-0.8938864398895741,15.913856350872038,23.0,-0.08402778645063869,43.03188146827297,-0.8938864398895741,16.229531554689114,23.0,-0.08402778645063869,43.03188146827297,-0.8938864398895741,17.42759265996044,0.0
extract/0021500403.json,76,661,23.0,-0.194499582839562,7.402341704074107,0.0,0.0,23.0,-0.2931701777766938,8.55602772717927,0.0,0.0,23.0,-0.46258083398322924,15.82761610621754,0.0,0.0,23.0,-0.6036482787100474,17.250778349944902,0.0,0.0,23.0,-0.49768088903339835,15.519212844642986,0.0,0.0,23.0,-0.4479715714103646,14.237740592500781,0.0,0.0,0.0
extract/0021500403.json,76,674,23.0,-0.3386578900716038,11.366778527836946,0.0,0.0,23.0,-0.386454761731601,11.059814414956083,0.0,0.0,23.0,-0.7251048944716671,21.345758325477306,0.0,0.0,23.0,-0.7810557836584975,20.74923442874469,0.0,0.0,23.0,-0.699629541878278,21.381090383839812,0.0,0.0,23.0,-0.6519316679157257,19.115886934372746,0.0,0.0,0.0
extract/0021500403.json,76,687,23.0,-0.5538890105294156,11.094514769545638,0.0,0.0,23.0,-0.48688128623866195,12.497752100871418,0.0,0.0,23.0,-1.0358394899033774,21.23598992360292,0.0,0.0,23.0,-0.8973627446392795,26.770006511514847,0.0,0.0,23.0,-0.9998210195430169,28.42273255443922,0.0,0.0,23.0,-0.8509203946058312,24.79211820005867,0.0,0.0,0.0
extract/0021500403.json,78,34,23.0,-0.1780267407458916,6.801023090340562,0.0,0.0,23.0,-0.2773746512600342,8.203604400602295,0.0,0.0,23.0,-0.4240839231288221,14.821376113547167,0.0,0.0,23.0,-0.5680917908954484,16.679886299278945,0.0,0.0,23.0,-0.4756933518766684,14.703824713270599,0.0,0.0,23.0,-0.4194478003678878,13.529058405736567,0.0,0.0,0.0
extract/0021500403.json,78,47,23.0,-0.3104425227874417,11.235652650437887,0.0,0.0,23.0,-0.36670429590187803,10.4249013138295,0.0,0.0,23.0,-0.6769679845383982,21.549601443822922,0.0,0.0,23.0,-0.7562790695516873,19.753731966358085,0.0,0.0,23.0,-0.6607698336475426,20.882276886245812,0.0,0.0,23.0,-0.6218016082983538,18.32134500368514,0.0,0.0,0.0
extract/0021500403.json,78,60,23.0,-0.5205317885847329,11.252423271150326,0.0,0.0,23.0,-0.47417676563697553,12.420955271613467,0.0,0.0,23.0,-0.9903436508153157,21.351110986547777,0.0,0.0,23.0,-0.8861170121097347,25.86264786489296,0.0,0.0,23.0,-0.9478035176778441,27.157879749923378,0.0,0.0,23.0,-0.820704263176123,23.869693257166354,0.0,0.0,0.0
extract/0021500403.json,78,170,0.0,0.0,0.0,0.0,0.0,0.0,0.0,0.0,0.0,0.0,0.0,0.0,0.0,0.0,0.0,0.0,0.0,0.0,0.0,0.0,0.0,0.0,0.0,0.0,0.0,0.0,0.0,0.0,0.0,0.0,1.0
extract/0021500403.json,78,509,0.0,0.0,0.0,0.0,0.0,0.0,0.0,0.0,0.0,0.0,0.0,0.0,0.0,0.0,0.0,0.0,0.0,0.0,0.0,0.0,0.0,0.0,0.0,0.0,0.0,0.0,0.0,0.0,0.0,0.0,1.0
extract/0021500403.json,78,522,0.0,0.0,0.0,0.0,0.0,0.0,0.0,0.0,0.0,0.0,0.0,0.0,0.0,0.0,0.0,0.0,0.0,0.0,0.0,0.0,0.0,0.0,0.0,0.0,0.0,0.0,0.0,0.0,0.0,0.0,0.0
extract/0021500403.json,78,577,0.0,0.0,0.0,0.0,0.0,0.0,0.0,0.0,0.0,0.0,0.0,0.0,0.0,0.0,0.0,0.0,0.0,0.0,0.0,0.0,0.0,0.0,0.0,0.0,0.0,0.0,0.0,0.0,0.0,0.0,0.0
extract/0021500403.json,78,590,,,,,,,,,,,,,,,,,,,,,,,,,,,,,,,0.0
extract/0021500557.json,3,181,23.0,-0.3884232232305401,13.085192060076222,0.0,0.0,23.0,-0.3847627138384154,9.944629529613028,0.0,0.0,23.0,-0.19692325782352998,5.653407893151825,0.0,0.0,23.0,-0.9202516194766196,26.71795894423884,0.0,0.0,23.0,-1.0414930100340154,28.754097541637663,0.0,0.0,23.0,-0.7277667077606417,27.999135655357517,0.0,0.0,0.0
extract/0021500557.json,3,194,23.0,-0.6467424730772227,14.571388372818351,0.0,0.0,23.0,-0.49839923139848386,9.365671999616842,0.0,0.0,23.0,-0.26088950838043606,6.336204440654706,0.0,0.0,23.0,-1.2074540750513976,33.46776487727942,0.0,0.0,23.0,-1.2863754389143753,34.693981378304265,0.0,0.0,23.0,-1.0085272326313148,42.2726840274576,0.0,0.0,0.0
extract/0021500557.json,5,25,23.0,0.14462768435465723,9.570686150967354,-0.14720172477760626,3.8535303936227367,23.0,0.14462768435465723,9.570686150967354,-0.14720172477760626,3.8535303936227367,1.0,-9.5367431640625e-07,9.5367431640625e-07,0.0,1.1559688683712122e-07,23.0,0.039888237483843625,79.266589519799,-1.2016132993527704,26.462343768398874,23.0,0.039888237483843625,79.266589519799,-1.2016132993527704,26.462343768398874,23.0,-0.11996290096220008,69.81676812766108,-1.0560122004045285,22.635584131352324,0.0
extract/0021500557.json,5,510,23.0,-0.9402507874571523,20.842603799910002,0.0,0.0,18.0,-0.6475206232858725,14.817910210101845,0.0,0.0,23.0,-0.3847081936455646,11.22824870136116,0.0,0.0,23.0,-1.1286970782355983,25.505925893092595,0.0,0.0,23.0,-0.8257965948032594,20.786123198445154,0.0,0.0,23.0,-0.18870742148480446,8.233038235544003,0.0,0.0,0.0
extract/0021500557.json,5,667,23.0,-1.8002051199670484,40.05764205019648,0.0,0.0,23.0,-1.3122668102837927,28.601106942245398,0.0,0.0,23.0,-1.3174615657475983,27.932227234828073,0.0,0.0,23.0,-1.013105784460617,25.28204566542313,0.0,0.0,23.0,-1.5392615759655195,35.47124261679665,0.0,0.0,23.0,-1.1287625101806902,25.454082731309335,0.0,0.0,1.0
extract/0021500557.json,8,23,0.0,0.0,0.0,0.0,0.0,0.0,0.0,0.0,0.0,0.0,0.0,0.0,0.0,0.0,0.0,0.0,0.0,0.0,0.0,0.0,0.0,0.0,0.0,0.0,0.0,0.0,0.0,0.0,0.0,0.0,0.0
extract/0021500557.json,8,36,0.0,0.0,0.0,0.0,0.0,0.0,0.0,0.0,0.0,0.0,0.0,0.0,0.0,0.0,0.0,0.0,0.0,0.0,0.0,0.0,0.0,0.0,0.0,0.0,0.0,0.0,0.0,0.0,0.0,0.0,0.0
extract/0021500557.json,8,58,23.0,-0.1971166542247557,7.298246013202816,-0.2705389420180576,2.800328160170568,23.0,0.005168939824499651,8.900656443354258,-0.2705389420180576,3.180024117824598,14.0,-0.6500487461046641,11.233926631396747,0.0,1.5676899959154076,23.0,-0.15278277338003424,48.78343377266215,-2.1853012818992488,18.902019444405436,23.0,0.19217314478443726,42.286653814559095,-2.1853012818992488,17.96874897300334,23.0,-0.12009444255501986,41.86209839084471,-1.917188662156453,16.363051406360903,0.0
extract/0021500557.json,8,176,23.0,-0.14491007761806887,3.120064974756495,0.0,0.0,23.0,-0.01803478308038206,3.742610693410792,0.0,0.0,23.0,-0.16061206050770246,5.466873488743972,0.0,0.0,23.0,-1.0169423148258532,22.03723028588937,0.0,0.0,23.0,-1.0080927775155504,23.456092079508686,0.0,0.0,23.0,-1.01625373765043,20.86894442176083,0.0,0.0,0.0
extract/0021500557.json,8,189,23.0,-0.1422482521518778,2.2348049800442102,0.0,0.0,23.0,-0.1291772102435776,7.440967672968577,0.0,0.0,23.0,-0.24101411305537884,9.32702181445253,0.0,0.0,23.0,-0.9600126290297419,18.465559721207068,0.0,0.0,23.0,-1.0195062367185104,24.29027148393365,0.0,0.0,23.0,-0.9245829577273469,18.513807142831833,0.0,0.0,0.0
extract/0021500557.json,10,297,0.0,0.0,0.0,0.0,0.0,0.0,0.0,0.0,0.0,0.0,0.0,0.0,0.0,0.0,0.0,0.0,0.0,0.0,0.0,0.0,0.0,0.0,0.0,0.0,0.0,0.0,0.0,0.0,0.0,0.0,0.0
extract/0021500557.json,10,310,0.0,0.0,0.0,0.0,0.0,0.0,0.0,0.0,0.0,0.0,0.0,0.0,0.0,0.0,0.0,0.0,0.0,0.0,0.0,0.0,0.0,0.0,0.0,0.0,0.0,0.0,0.0,0.0,0.0,0.0,0.0
extract/0021500557.json,10,410,0.0,0.0,5.233212180665601,0.0,0.0,17.0,-0.9593828163017732,17.342619011883674,0.0,0.0,23.0,-0.9593828163017732,18.39806344452878,0.0,0.0,23.0,-1.324936057535406,27.829657136168006,0.0,0.0,23.0,-1.4981393402088725,31.491373278678157,0.0,0.0,23.0,-1.324936057535406,29.29249167900103,0.0,0.0,1.0
extract/0021500557.json,11,302,23.0,-0.1377148401843253,2.670713435024528,0.0,0.0,23.0,-0.08254333911199745,3.4014228737379946,0.0,0.0,23.0,-0.17519424197115818,4.313400703821784,0.0,0.0,23.0,-1.3433299464390718,27.373250322448804,0.0,0.0,23.0,-1.1682054075572221,24.090256227178205,0.0,0.0,23.0,-1.2245694471360815,27.319840357616716,0.0,0.0,1.0
extract/0021500557.json,12,234,23.0,-0.42593559201767583,9.704480588378386,0.0,0.0,0.0,0.0,0.0,0.0,0.0,23.0,-0.42593559201767583,9.704480588378388,0.0,0.0,23.0,-1.5770455369173602,42.38630915952574,0.0,0.0,23.0,-1.1516109887768717,33.13759983068274,0.0,0.0,23.0,-1.1516109887768717,33.13759983068274,0.0,0.0,0.0
extract/0021500557.json,12,247,23.0,-0.41354111628406154,13.620367966211298,0.0,0.0,0.0,0.0,10.082638187237537,0.0,0.0,23.0,-0.41354111628406154,10.950040187678631,0.0,0.0,23.0,-1.8953756710155627,45.332733454217404,0.0,0.0,23.0,-1.4926662692201114,40.86209899269304,0.0,0.0,23.0,-1.4926662692201114,37.438434278063895,0.0,0.0,0.0
extract/0021500557.json,12,330,23.0,-0.7744662331320932,16.667571722746985,0.0,0.0,23.0,-0.9205383339620217,21.759496230399304,0.0,0.0,23.0,-0.25809746873734,5.847279662030125,0.0,0.0,23.0,-1.337798299877668,26.766707561111804,0.0,0.0,23.0,-1.2341069588966622,28.750357752069828,0.0,0.0,23.0,-1.1063643948355923,24.87962727557275,0.0,0.0,0.0
extract/0021500557.json,12,343,23.0,-0.7006614800181938,17.991465769571167,0.0,0.0,23.0,-0.9457721709582955,22.373171693301796,0.0,0.0,23.0,-0.24531786665004796,6.1993195789274695,0.0,0.0,23.0,-1.1259610854101636,23.259553814200682,0.0,0.0,23.0,-1.250265322057939,28.676882109480708,0.0,0.0,23.0,-1.0751225713232038,24.343250597595812,0.0,0.0,0.0
extract/0021500557.json,12,356,23.0,-0.7941809581321728,21.333040377568977,0.0,0.0,23.0,-0.9840833281268244,22.200980748344445,0.0,0.0,23.0,-0.2818605671896718,6.683278228872727,0.0,0.0,23.0,-0.9771496165176004,22.69990108261127,0.0,0.0,23.0,-1.2485825019946954,28.364693685149113,0.0,0.0,23.0,-1.0576967974972376,23.764989955882175,0.0,0.0,0.0
extract/0021500557.json,12,369,23.0,-0.9535853066159113,24.486760388807703,0.0,0.0,23.0,-0.9632943153536352,21.116107800860764,0.0,0.0,23.0,-0.2752397194823429,8.299437411501732,0.0,0.0,23.0,-0.9893067643726382,23.20968245398283,0.0,0.0,23.0,-1.23034190632274,27.652512511456113,0.0,0.0,23.0,-1.0262877265071446,23.317393150545247,0.0,0.0,0.0
extract/0021500557.json,12,382,19.0,-1.0989598657904427,20.26990546979826,0.0,0.0,15.0,-0.9039935060723497,17.10776199389548,0.0,0.0,23.0,-0.39140525679973964,13.396901393871264,0.0,0.0,23.0,-1.0177296426321003,24.390373533140313,0.0,0.0,23.0,-1.196742750419039,25.63933485992349,0.0,0.0,23.0,-1.012103173688697,23.70842102927697,0.0,0.0,0.0
extract/0021500557.json,12,395,6.0,-1.1026174012073178,5.843410175914601,0.0,0.0,2.0,-0.8977808562192477,17.868405488179505,0.0,0.0,23.0,-0.39499820630685767,20.496513007709588,0.0,0.0,23.0,-0.9924751656194999,26.179606783140112,0.0,0.0,23.0,-1.166183783866388,23.39658127818551,0.0,0.0,23.0,-0.9999283742155929,25.533824469903394,0.0,0.0,0.0
extract/0021500557.json,12,414,0.0,0.2685143956164302,0.26851470685469614,-0.16622319728636153,1.613445034530138,23.0,-1.4268832379598622,22.29573999547212,-0.16622319728636153,1.3628706571331246,13.0,-1.6953976335762921,22.027225599855687,0.0,0.2842700366832583,23.0,-0.31158379976862105,27.72797652723373,-1.0595719951335074,10.868171594423814,23.0,-0.08364103658746257,25.343631864216597,-1.0595719951335074,10.988189884865907,23.0,-0.0434845796725711,27.996075747329776,-1.2255381790024906,12.34676795412659,0.0
extract/0021500557.json,14,12,14.0,-1.1186450147350109,14.727971563680796,0.0,0.0,10.0,-0.8894438416686183,17.33638054111872,0.0,0.0,23.0,-0.415161565015549,16.09501599254116,0.0,0.0,23.0,-1.0154105705646188,25.074230038266922,0.0,0.0,23.0,-1.181829886918422,24.680415209210793,0.0,0.0,23.0,-1.008998688218875,24.422949759455424,0.0,0.0,0.0
extract/0021500557.json,14,39,0.0,0.2685143956164302,0.26851470685469614,-0.16622319728636153,1.613445034530138,23.0,-1.4268832379598622,22.29573999547212,-0.16622319728636153,1.3628706571331246,13.0,-1.6953976335762921,22.027225599855687,0.0,0.2842700366832583,23.0,-0.31158379976862105,27.72797652723373,-1.0595719951335074,10.868171594423814,23.0,-0.08364103658746257,25.343631864216597,-1.0595719951335074,10.988189884865907,23.0,-0.0434845796725711,27.996075747329776,-1.2255381790024906,12.34676795412659,0.0
extract/0021500557.json,14,199,23.0,-0.8667107720061701,18.43383545340424,0.0,0.0,23.0,-0.648477162767949,19.211501382612468,0.0,0.0,23.0,-1.4801447749741805,35.196738238167185,0.0,0.0,23.0,-1.25724472323433,32.41291171881038,0.0,0.0,23.0,-1.5711974453592403,32.7349627035549,0.0,0.0,23.0,-1.9912414631074977,43.354629606148684,0.0,0.0,0.0
extract/0021500557.json,14,282,23.0,-0.41610547483074595,10.384517814921775,0.0,0.0,23.0,-0.16753460128688452,7.420246619795804,0.0,0.0,23.0,-0.28407614951896165,12.640928221447016,0.0,0.0,23.0,-1.6780298165766383,38.57943910848195,0.0,0.0,23.0,-1.4021163853982552,27.34102359912154,0.0,0.0,23.0,-1.2637753730727843,28.48157792954133,0.0,0.0,0.0
extract/0021500557.json,14,355,23.0,-0.20808114562690774,2.1335268595608246,0.0,0.0,23.0,-0.204593857900349,6.847024760538944,0.0,0.0,23.0,-0.4019512435766986,8.792359793291283,0.0,0.0,23.0,-0.9631823091417675,20.736038365938867,0.0,0.0,23.0,-0.7604095909090723,18.583331186528962,0.0,0.0,23.0,-0.8836506054703999,20.273477819943047,0.0,0.0,0.0
extract/0021500557.json,14,368,23.0,-0.04461705964897559,1.6825426403535402,0.0,0.0,23.0,-0.32889186507437107,7.88631947124515,0.0,0.0,23.0,-0.3731657533934097,9.279452285979264,0.0,0.0,23.0,-0.8981435559321137,17.294803242695345,0.0,0.0,23.0,-0.820600053046273,19.485447777966208,0.0,0.0,23.0,-0.8858881331344016,18.18906230146037,0.0,0.0,0.0
extract/0021500557.json,14,381,23.0,-0.09289086451426724,1.7144549946787604,0.0,0.0,23.0,-0.32291744793274196,10.498090996498087,0.0,0.0,23.0,-0.40247310797223684,12.11918367235941,0.0,0.0,23.0,-0.7373503450939777,11.441437763560632,0.0,0.0,23.0,-0.8499931889679303,20.465319438272648,0.0,0.0,23.0,-0.7867253741091027,12.665445973917414,0.0,0.0,0.0
extract/0021500557.json,15,55,23.0,-0.20808114562690774,2.1335268595608246,0.0,0.0,23.0,-0.204593857900349,6.847024760538944,0.0,0.0,23.0,-0.4019512435766986,8.792359793291283,0.0,0.0,23.0,-0.9631823091417675,20.736038365938867,0.0,0.0,23.0,-0.7604095909090723,18.583331186528962,0.0,0.0,23.0,-0.8836506054703999,20.273477819943047,0.0,0.0,0.0
extract/0021500557.json,15,68,23.0,-0.04461705964897559,1.6825426403535402,0.0,0.0,23.0,-0.32889186507437107,7.88631947124515,0.0,0.0,23.0,-0.3731657533934097,9.279452285979264,0.0,0.0,23.0,-0.8981435559321137,17.294803242695345,0.0,0.0,23.0,-0.820600053046273,19.485447777966208,0.0,0.0,23.0,-0.8858881331344016,18.18906230146037,0.0,0.0,0.0
extract/0021500557.json,15,81,23.0,-0.09289086451426724,1.7144549946787604,0.0,0.0,23.0,-0.32291744793274196,10.498090996498087,0.0,0.0,23.0,-0.40247310797223684,12.11918367235941,0.0,0.0,23.0,-0.7373503450939777,11.441437763560632,0.0,0.0,23.0,-0.8499931889679303,20.465319438272648,0.0,0.0,23.0,-0.7867253741091027,12.665445973917414,0.0,0.0,0.0
extract/0021500557.json,15,390,0.0,0.0,0.0,0.0,0.0,23.0,-0.3690252456243784,9.597597954268059,0.0,0.0,23.0,-0.3690252456243784,9.597597954268059,0.0,0.0,23.0,-1.4079196430133358,32.363506391445696,0.0,0.0,23.0,-1.1237790819975075,23.257952968946984,0.0,0.0,23.0,-1.4079196430133358,32.363506391445696,0.0,0.0,0.0
extract/0021500557.json,15,403,0.0,0.0,3.053917306823994,0.0,0.0,18.0,-0.43425371905123006,8.306849178284123,0.0,0.0,23.0,-0.43425371905123006,9.952270271869436,0.0,0.0,23.0,-1.408487046210814,29.357035294756354,0.0,0.0,23.0,-0.9763114691060117,21.951842458564638,0.0,0.0,23.0,-1.408487046210814,30.175898140868842,0.0,0.0,0.0
extract/0021500557.json,15,461,12.0,-0.4208530707774325,13.398751159438044,0.0,0.0,0.0,0.0,12.152027037434998,0.0,0.0,23.0,-0.4208530707774325,13.653023903782492,0.0,0.0,23.0,-1.0035983579437953,26.392415201286617,0.0,0.0,23.0,-1.2195323202812574,22.23844214673597,0.0,0.0,23.0,-1.2195323202812574,29.522420642038785,0.0,0.0,0.0
extract/0021500557.json,15,492,9.0,-1.0914301152495853,20.0616920405923,0.0,0.0,23.0,-1.2815048592193599,26.90394083465593,0.0,0.0,23.0,-0.893291765445457,20.838642764997573,0.0,0.0,23.0,-1.2960353779905172,28.837251464586615,0.0,0.0,23.0,-0.49192275012615105,9.318572943400762,0.0,0.0,23.0,-1.28857107734239,29.214118394724768,0.0,0.0,0.0
extract/0021500557.json,31,221,0.0,0.0,5.863909358037431e-08,0.0,0.0,23.0,-0.210073851072756,9.411786195100934,0.0,0.0,23.0,-0.210073851072756,9.411786195100934,0.0,0.0,23.0,-1.4159186499511838,31.188188958576944,0.0,0.0,23.0,-1.2437595136280433,28.6721641803314,0.0,0.0,23.0,-1.4159186499511838,31.188188958576944,0.0,0.0,1.0
extract/0021500557.json,31,297,23.0,-0.22880763381715624,6.1387224946006205,0.0,0.0,0.0,0.0,0.0,0.0,0.0,23.0,-0.22880763381715624,6.138722494600614,0.0,0.0,23.0,-1.0404270738453314,23.52572364515054,0.0,0.0,23.0,-0.8572749229722569,17.598580962081513,0.0,0.0,23.0,-0.8572749229722569,17.598580962081513,0.0,0.0,1.0
extract/0021500557.json,31,503,,,,,,,,,,,,,,,,,,,,,,,,,,,,,,,1.0
extract/0021500557.json,44,322,23.0,-0.28003245295895185,4.338472672217194,0.0,0.0,23.0,-0.12481186897204645,1.8735015460696751,0.0,0.0,23.0,-0.32048622513300024,5.079812404649496,0.0,0.0,23.0,-1.5749396845328538,31.746001739997155,0.0,0.0,23.0,-1.25512658065576,28.2667149564091,0.0,0.0,23.0,-1.3141340045238672,29.341963488821218,0.0,0.0,1.0
extract/0021500557.json,45,54,23.0,-0.17506514872932735,2.753982523170846,0.0,0.0,23.0,-0.36687046402009676,9.50303070065117,0.0,0.0,23.0,-0.24106387540040647,7.110584309408778,0.0,0.0,23.0,-0.7608596144225084,14.291966518510788,0.0,0.0,23.0,-0.7134532699988294,18.442775762470493,0.0,0.0,23.0,-0.6711165961398707,13.595026936363467,0.0,0.0,0.0
extract/0021500557.json,45,67,23.0,-0.09746509038066156,5.0390298108679366,0.0,0.0,23.0,-0.41785354619650933,10.556640798334563,0.0,0.0,23.0,-0.325330072239277,10.274386202161478,0.0,0.0,23.0,-0.5899503248654792,18.2809704370982,0.0,0.0,23.0,-0.81503596958038,23.079782267129456,0.0,0.0,23.0,-0.5769536068289131,16.15325528924482,0.0,0.0,0.0
extract/0021500557.json,45,101,8.0,-0.4347679319512016,3.1370675415466267,0.0,3.2220694342482874,8.0,-2.683890656160381,20.68682621133494,0.0,11.629922173288529,8.0,-2.868899861857438,21.922366916814177,0.0,13.904498489318552,23.0,-0.48136332914565605,28.23871464118552,-0.8345945260521856,16.948817228346208,23.0,-0.7636193141164909,31.11576052339171,-0.8345945260521856,13.241254341417838,23.0,-0.05266808422628477,25.1565575539283,-0.8345945260521856,13.76317925468241,0.0
extract/0021500557.json,45,144,23.0,-0.17971354476873994,4.171014981270085,0.0,0.0,23.0,-0.2427531869027014,8.878332842953133,0.0,0.0,23.0,-0.3577180803047805,12.790404798420816,0.0,0.0,23.0,-1.4397393348654435,34.00882215545243,0.0,0.0,23.0,-1.0820568134162325,21.799403819250013,0.0,0.0,23.0,-1.3043152292631952,30.214113336969966,0.0,0.0,0.0
extract/0021500557.json,45,217,0.0,0.0,0.0,0.0,0.0,0.0,0.0,0.0,0.0,0.0,0.0,0.0,0.0,0.0,0.0,0.0,0.0,0.0,0.0,0.0,0.0,0.0,0.0,0.0,0.0,0.0,0.0,0.0,0.0,0.0,1.0
extract/0021500557.json,51,63,0.0,0.0,0.0,0.0,0.0,0.0,0.0,0.0,0.0,0.0,0.0,0.0,0.0,0.0,0.0,0.0,0.0,0.0,0.0,0.0,0.0,0.0,0.0,0.0,0.0,0.0,0.0,0.0,0.0,0.0,0.0
extract/0021500557.json,51,76,0.0,0.0,0.0,0.0,0.0,0.0,0.0,0.0,0.0,0.0,0.0,0.0,0.0,0.0,0.0,0.0,0.0,0.0,0.0,0.0,0.0,0.0,0.0,0.0,0.0,0.0,0.0,0.0,0.0,0.0,0.0
extract/0021500557.json,51,89,0.0,0.0,0.0,0.0,0.0,0.0,0.0,0.0,0.0,0.0,0.0,0.0,0.0,0.0,0.0,0.0,0.0,0.0,0.0,0.0,0.0,0.0,0.0,0.0,0.0,0.0,0.0,0.0,0.0,0.0,0.0
extract/0021500557.json,51,268,2.0,-1.4141541563765154,3.7558902472269637,0.0,0.0,23.0,-1.250238659792028,11.47849839526499,0.0,0.0,23.0,-0.3048125844441768,8.900727599316824,0.0,0.0,23.0,-1.355980521202265,28.919101827405044,0.0,0.0,23.0,-1.0545011441477359,22.245525824894784,0.0,0.0,23.0,-1.0530274658414402,28.251036972800797,0.0,0.0,1.0
extract/0021500557.json,54,218,23.0,-0.23250442225401968,5.490701679134642,0.0,0.0,23.0,-0.7762926244016353,17.271087706358394,0.0,0.0,23.0,-0.6977414851961328,13.9015964155839,0.0,0.0,23.0,-1.714729257795715,37.33195708154996,0.0,0.0,23.0,-1.5804867607217203,35.11596411138811,0.0,0.0,23.0,-1.5270538129179532,34.12298052059145,0.0,0.0,1.0
extract/0021500557.json,54,270,23.0,-0.18249294141411002,5.330626787034296,0.0,0.0,23.0,-0.5503541570421132,16.161457995565804,0.0,0.0,23.0,-0.5672171078525777,17.07933550482254,0.0,0.0,23.0,-1.4579871866388996,33.01114881943899,0.0,0.0,23.0,-1.3426411191165466,27.924853103039897,0.0,0.0,23.0,-1.2777058640909202,29.207351027810567,0.0,0.0,1.0
extract/0021500557.json,57,12,23.0,-0.7355847655353606,19.491582612436304,0.0,0.0,23.0,-1.106360456734728,25.13096521932051,0.0,0.0,23.0,-0.8109999544977017,21.02767531626578,0.0,0.0,23.0,-0.31077008909115167,6.674409598819236,0.0,0.0,23.0,-0.5791894897193169,15.784599769765961,0.0,0.0,23.0,-0.948694864703773,22.581569712577565,0.0,0.0,0.0
extract/0021500557.json,57,25,23.0,-0.8707023601461539,22.055563563429168,0.0,0.0,23.0,-1.0898081526292782,25.249280949834844,0.0,0.0,23.0,-0.933531607541702,24.065138103448845,0.0,0.0,23.0,-0.2848734131037564,6.135561990655863,0.0,0.0,23.0,-0.7058681328658089,19.201357132804283,0.0,0.0,23.0,-0.986005654658687,23.841549568550313,0.0,0.0,0.0
extract/0021500557.json,57,38,23.0,-0.9789658138016092,21.38171988155586,0.0,0.0,23.0,-1.0989540937040123,24.87109640339218,0.0,0.0,23.0,-1.0663172296708017,20.72327301722416,0.0,0.0,23.0,-0.26410931767149665,7.620249179486141,0.0,0.0,23.0,-0.8553810049307888,16.838672582832345,0.0,0.0,23.0,-1.04596712357882,25.057776615210614,0.0,0.0,0.0
extract/0021500557.json,57,68,23.0,-0.7446136745752518,19.44930291739938,0.0,0.0,23.0,-0.9939390344954567,24.6223600718788,0.0,0.0,23.0,-0.3930451478307142,23.49068168498166,0.0,0.0,23.0,-0.592628639607779,11.319544325867714,0.0,0.0,23.0,-0.2080875087280747,27.368201870289685,0.0,0.0,23.0,-1.1906510614879975,29.456326117234088,0.0,0.0,0.0
extract/0021500557.json,61,66,23.0,2.444459329970602,15.946912912687473,-1.6741634645949546,17.740395979188758,23.0,1.3918122801789852,26.02799849131771,-1.6741634645949546,17.740395979188758,13.0,-1.1894089234207952,13.52284174455409,0.0,0.0,23.0,0.11556800115104747,21.104703400686983,-0.8857666141697694,9.530007081295613,23.0,-0.8087694054715997,28.10256332017162,-0.8857666141697694,9.530007081295613,23.0,1.091236468618458,21.958439037863975,-1.3346128280363512,14.059978738967587,0.0
extract/0021500557.json,61,79,0.0,0.0,0.0,0.0,0.0,0.0,0.0,0.0,0.0,0.0,0.0,0.0,0.0,0.0,0.0,0.0,0.0,0.0,0.0,0.0,0.0,0.0,0.0,0.0,0.0,0.0,0.0,0.0,0.0,0.0,0.0
extract/0021500557.json,61,92,23.0,1.1768056172477905,59.12558972486558,-1.2793977513469224,9.991225106536705,23.0,0.2957048422238344,60.96228028159727,-1.2793977513469224,9.991225106536705,2.0,-2.676244734931724,5.473472324532771,0.0,0.0,23.0,-1.4406506552757676,35.49350719683568,-0.6775313155675616,14.611062436558166,23.0,0.11087808590443338,32.34044836220406,-0.6775313155675616,14.611062436558166,23.0,0.26804990150142416,48.731960402735666,-1.023555973896742,18.438949379829456,0.0
extract/0021500557.json,61,419,23.0,-0.17723872729118548,7.757701069917176,0.0,0.0,0.0,0.0,0.0,0.0,0.0,23.0,-0.17723872729118303,7.757701069917174,0.0,0.0,23.0,-1.480696488680364,29.85306918096161,0.0,0.0,23.0,-1.3424205920253052,29.785121665095556,0.0,0.0,23.0,-1.3424205920253052,29.785121665095556,0.0,0.0,1.0
extract/0021500557.json,61,639,23.0,-1.1813213192325558,27.157850135164256,0.0,0.0,23.0,-0.17331561729813333,14.23001954117487,0.0,0.0,23.0,-1.052938395928558,24.69119442034568,0.0,0.0,23.0,-1.1043609153206666,29.18810154937296,0.0,0.0,23.0,-1.9841571127821906,44.14113035653773,0.0,0.0,23.0,-1.9738216079581592,39.657424641373225,0.0,0.0,0.0
extract/0021500557.json,61,652,23.0,-1.1800345690892902,25.264580293493662,0.0,0.0,23.0,-0.6838792584908189,12.751868222530979,0.0,0.0,23.0,-1.0770591187529341,24.680663271787218,0.0,0.0,23.0,-1.29824081652478,33.86145735203831,0.0,0.0,23.0,-1.8979698536781056,39.40429491428605,0.0,0.0,23.0,-1.681866765725397,36.37307807036338,0.0,0.0,0.0
extract/0021500557.json,61,665,23.0,-1.1081268007941938,21.317795743840566,0.0,0.0,23.0,-0.3995099461287113,8.435737898567707,0.0,0.0,23.0,-1.0780806202470958,23.83229210740253,0.0,0.0,23.0,-1.503350646936888,38.7510231475304,0.0,0.0,23.0,-1.6737185882639822,35.129411681472874,0.0,0.0,23.0,-1.5123466037433562,34.81500740845859,0.0,0.0,0.0
extract/0021500557.json,61,678,23.0,-0.8911263007364738,16.90314058283286,0.0,0.0,23.0,-0.3601381446762486,8.123672154711185,0.0,0.0,23.0,-1.0276815582440022,22.434452387958675,0.0,0.0,23.0,-1.7184165660251307,43.472626429839146,0.0,0.0,23.0,-1.5027634468784838,31.115807777467023,0.0,0.0,23.0,-1.515627453323121,34.60977513323869,0.0,0.0,0.0
